feature,importance,display_name
cat__Specialization_computer engineering,0.30701023628570795,Specialization_computer engineering
cat__Specialization_computer science & engineering,0.2949415335705519,Specialization_computer science & engineering
cat__Specialization_electronics and communication engineering,0.1953880265367155,Specialization_electronics and communication engineering
num__Quant,0.18880119318749264,AMCAT Quantitative Score
cat__Degree_M.Tech./M.E.,0.17524223753239185,Degree_M.Tech./M.E.
cat__Specialization_industrial & production engineering,0.16464978043159137,Specialization_industrial & production engineering
cat__Specialization_electronics and electrical engineering,0.14948978628599532,Specialization_electronics and electrical engineering
num__English,0.14061595607966748,AMCAT English Score
cat__Degree_B.Tech/B.E.,0.13343013296115183,Degree_B.Tech/B.E.
cat__Specialization_chemical engineering,0.12559428844664086,Specialization_chemical engineering
cat__Specialization_instrumentation and control engineering,0.12535870039304942,Specialization_instrumentation and control engineering
cat__Specialization_mechanical engineering,0.12381305435762209,Specialization_mechanical engineering
cat__Specialization_civil engineering,0.11673075358650502,Specialization_civil engineering
cat__Specialization_electrical engineering,0.11505065000743427,Specialization_electrical engineering
cat__Specialization_aeronautical engineering,0.1073959763763061,Specialization_aeronautical engineering
num__10percentage,0.10170933696143036,10th Grade Score (%)
num__12percentage,0.10131075703027408,12th Grade Score (%)
num__CollegeTier,0.10106610417560741,"College Tier (1=Tier-1, 2=Tier-2)"
cat__Specialization_computer science and technology,0.09691145764492803,Specialization_computer science and technology
cat__Specialization_information technology,0.09518487137918064,Specialization_information technology
num__ComputerProgramming,0.09458229866276903,AMCAT Programming Score
num__collegeGPA,0.08341906133194936,College GPA (%)
cat__Specialization_industrial engineering,0.08272806975712584,Specialization_industrial engineering
cat__Specialization_automobile/automotive engineering,0.08266628125538704,Specialization_automobile/automotive engineering
cat__Specialization_telecommunication engineering,0.07554718484768802,Specialization_telecommunication engineering
num__conscientiousness,0.07441989285019285,Conscientiousness (Big Five)
cat__Specialization_electronics and computer engineering,0.06579845283033915,Specialization_electronics and computer engineering
cat__Specialization_electronics & instrumentation eng,0.06492078513234419,Specialization_electronics & instrumentation eng
cat__Specialization_computer and communication engineering,0.053803594899440595,Specialization_computer and communication engineering
cat__Specialization_instrumentation engineering,0.05249422499777758,Specialization_instrumentation engineering
cat__Specialization_biomedical engineering,0.05013900007486414,Specialization_biomedical engineering
cat__Specialization_biotechnology,0.04712034904654389,Specialization_biotechnology
num__openess_to_experience,0.045390178883036404,Openness to Experience (Big Five)
cat__Specialization_ceramic engineering,0.04209091351977871,Specialization_ceramic engineering
num__extraversion,0.03879338642040001,Extraversion (Big Five)
cat__Specialization_mechanical and automation,0.03873764561527456,Specialization_mechanical and automation
cat__Specialization_internal combustion engine,0.037528179082228545,Specialization_internal combustion engine
num__nueroticism,0.03715561090038502,Neuroticism (Big Five)
cat__Specialization_other,0.03346642762594273,Specialization_other
cat__Specialization_information science engineering,0.03338462274710192,Specialization_information science engineering
cat__Specialization_mechatronics,0.033167301701490286,Specialization_mechatronics
cat__Specialization_power systems and automation,0.03247267643594875,Specialization_power systems and automation
cat__Specialization_electrical and power engineering,0.03157997149113806,Specialization_electrical and power engineering
cat__Specialization_electronics and instrumentation engineering,0.03008906648303083,Specialization_electronics and instrumentation engineering
cat__Specialization_applied electronics and instrumentation,0.028546831082014487,Specialization_applied electronics and instrumentation
cat__Specialization_electronics,0.02707285086663877,Specialization_electronics
cat__Specialization_computer networking,0.02608430987299783,Specialization_computer networking
cat__Specialization_computer application,0.024267842302944265,Specialization_computer application
cat__Degree_MCA,0.024267842302944254,Degree_MCA
cat__Specialization_embedded systems technology,0.023155221143007745,Specialization_embedded systems technology
cat__Specialization_information & communication technology,0.021944890721850015,Specialization_information & communication technology
cat__Specialization_electronics & telecommunications,0.021710034913412852,Specialization_electronics & telecommunications
cat__Specialization_computer science,0.021468590827646957,Specialization_computer science
num__agreeableness,0.02070072445826286,Agreeableness (Big Five)
cat__Specialization_metallurgical engineering,0.01971378023419958,Specialization_metallurgical engineering
cat__Specialization_polymer technology,0.01848651048515224,Specialization_polymer technology
cat__Specialization_electronics engineering,0.01610142067016936,Specialization_electronics engineering
num__Logical,0.011753877875144222,AMCAT Logical Reasoning Score
