feature,importance_mean,importance_std,display_name
Quant,0.017958977728036007,0.00888708988707391,AMCAT Quantitative Score
English,0.015404502112880298,0.013408192657563444,AMCAT English Score
10percentage,0.01362239079269878,0.00815441217280106,10th Grade Score (%)
Specialization,0.01222886983181129,0.013646012854865282,Specialization (field of study)
12percentage,0.010520144044424978,0.005034524250055218,12th Grade Score (%)
CollegeTier,0.007446743172365239,0.004467300542168425,"College Tier (1=Tier-1, 2=Tier-2)"
collegeGPA,0.004411430925920223,0.007195840817033973,College GPA (%)
Degree,0.0036253832686925893,0.00400026776964612,Degree type
extraversion,0.0017999640852716103,0.0031395305344429913,Extraversion (Big Five)
nueroticism,0.00028639643107865597,0.004810948735778223,Neuroticism (Big Five)
ComputerProgramming,0.00023645648701267063,0.007531975284774008,AMCAT Programming Score
Logical,-0.00045052375687691383,0.0021413141991026355,AMCAT Logical Reasoning Score
conscientiousness,-0.0011038983246751011,0.008282390204801291,Conscientiousness (Big Five)
agreeableness,-0.0012115411230396943,0.0052447819593265735,Agreeableness (Big Five)
openess_to_experience,-0.013969476818012878,0.004370346226102574,Openness to Experience (Big Five)
